id,title,price,currency_id,Marca,Diámetro,Funciones,Altura,Condición del ítem,Idiomas,Modelo,Sistemas operativos compatibles,Potencia,Tipos de alimentación,Frecuencia,Radiofrecuencia,Asistentes virtuales,Voltaje,Peso,Estándares inalámbricos,Con Bluetooth,Con cámara,Con sistema de audio multi-room,Con pantalla táctil,Con conexión Wi-Fi
MLA925602267,Google Home Mini Con Asistente Virtual Google Assistant Charcoal 110v/220v,6397.0,ARS,Google,98 mm,"Reproducción de música,Control por voz,Control de dispositivos del hogar,Llamadas,Desactivar micrófono",42 mm,Nuevo,"Inglés Australia,Inglés Canadá,Inglés India,Inglés Estados Unidos,Inglés Reino Unido,Inglés Singapur,Alemán,Francés,Danés,Hindi,Italiano,Japonés,Coreano,Español México,Español España,Neerlandés,Noruego,Sueco",Home Mini,"Android 6.0,iOS 12.0",9 W,Corriente eléctrica,50 Hz - 60 Hz,"2.4 GHz,5 GHz",Google Assistant,110V/220V,173 g,IEEE 802.11b/g/n/ac,Sí,No,Sí,No,Sí
MLA912827642,Google Nest Mini 2nd Gen Con Asistente Virtual Google Assistant Chalk 110v/220v,8350.0,ARS,Google,98 mm,"Reproducción de música,Control por voz,Control de dispositivos del hogar,Llamadas,Chromecast,Desactivar micrófono",42 mm,Nuevo,"Inglés Australia,Inglés Canadá,Inglés India,Inglés Estados Unidos,Inglés Reino Unido,Inglés Singapur,Alemán,Neerlandés,Portugués,Francés,Danés,Hindi,Indonesio,Italiano,Japonés,Noruego,Español España,Sueco,Mandarín,Tailandés,Coreano",Nest Mini 2nd Gen,"Android 6.0,iOS 12.0",15 W,Corriente eléctrica,,"2.4 GHz,5 GHz",Google Assistant,110V/220V,181 g,IEEE 802.11a/b/g/n/ac,Sí,,,No,Sí
MLA913417513,Google Home Mini Con Asistente Virtual Google Assistant Chalk 110v/220v,6999.0,ARS,Google,98 mm,"Reproducción de música,Control por voz,Control de dispositivos del hogar,Llamadas,Desactivar micrófono",42 mm,Nuevo,"Inglés Australia,Inglés Canadá,Inglés India,Inglés Estados Unidos,Inglés Reino Unido,Inglés Singapur,Alemán,Francés,Danés,Hindi,Italiano,Japonés,Coreano,Español México,Español España,Neerlandés,Noruego,Sueco",Home Mini,"Android 6.0,iOS 12.0",9 W,Corriente eléctrica,50 Hz - 60 Hz,"2.4 GHz,5 GHz",Google Assistant,110V/220V,173 g,IEEE 802.11b/g/n/ac,Sí,No,Sí,No,Sí
MLA842879853,Google Home Mini Asistete De Voz Y Parlante Bulk S/ Caja,3999.0,ARS,Google,98 mm,"Reproducción de música,Control por voz,Control de dispositivos del hogar,Llamadas,Desactivar micrófono",42 mm,Nuevo,"Español,Inglés",Home Mini,"Android 6.0,iOS 12.0",9 W,"220v,Corriente directa",50 Hz - 60 Hz,"2.4 GHz,5 GHz",Google Assistant,110V/220V,173 g,IEEE 802.11b/g/n/ac,Sí,No,Sí,No,Sí
MLA842217261,Google Home Mini Asistete De Voz Y Parlante Modalidad Bulk,3999.0,ARS,Google,98 mm,"Reproducción de música,Control por voz,Control de dispositivos del hogar,Llamadas,Desactivar micrófono",42 mm,Nuevo,"Español,Inglés",Home Mini,"Android 6.0,iOS 12.0",9 W,220v,50 Hz - 60 Hz,"2.4 GHz,5 GHz",Google Assistant,110V/220V,173 g,IEEE 802.11b/g/n/ac,Sí,No,Sí,No,Sí
MLA880459351,Google Home Mini Asistente Virtual Youtube Spotify Sin Caja,4749.05,ARS,Google,98 mm,"Reproducción de música,Control por voz,Control de dispositivos del hogar,Llamadas,Desactivar micrófono",42 mm,Nuevo,Español/Inglés,Home Mini,"Android 5.0,iOS 9.1",30 W,220v,50 Hz - 60 Hz,"2.4 GHz,5 GHz",Google Assistant,120V/240V,173 g,IEEE 802.11b/g/n/ac,Sí,,Sí,,Sí
MLA758202866,Google Home Mini Asistente Virtual Spotify Netflix Youtube ,6298.0,ARS,Google,98 mm,"Reproducción de música,Control por voz,Control de dispositivos del hogar,Llamadas,Desactivar micrófono",42 mm,Nuevo,Inglés/Español,Home Mini,"Android 6.0,iOS 12.0",9 W,5V A 1.8A,50 Hz - 60 Hz,"2.4 GHz,5 GHz",Google Assistant,110V/220V,173 g,IEEE 802.11b/g/n/ac,Sí,No,Sí,No,Sí
MLA842213533,Parlante Google Home Mini C/ Asistente Voz Bulk Sin Caja,3999.0,ARS,Google,98 mm,"Reproducción de música,Control por voz,Control de dispositivos del hogar,Llamadas,Desactivar micrófono",42 mm,Nuevo,Español,Home Mini,"Android 6.0,iOS 12.0",9 W,220v,50 Hz - 60 Hz,"2.4 GHz,5 GHz",Google Assistant,110V/220V,173 g,IEEE 802.11b/g/n/ac,Sí,No,Sí,No,Sí
MLA925525217,Parlante Google Home Mini Asistente De Voz - Bulk Sin Caja ,3999.0,ARS,Google,98 mm,"Reproducción de música,Control por voz,Control de dispositivos del hogar,Llamadas,Desactivar micrófono",42 mm,Nuevo,"Inglés Australia,Inglés Canadá,Inglés India,Inglés Estados Unidos,Inglés Reino Unido,Inglés Singapur,Alemán,Francés,Danés,Hindi,Italiano,Japonés,Coreano,Español México,Español España,Neerlandés,Noruego,Sueco",Home Mini,"Android 6.0,iOS 12.0",3 W,Corriente eléctrica,50 Hz - 60 Hz,"2.4 GHz,5 GHz",Google Assistant,110V/220V,173 g,IEEE 802.11b/g/n/ac,Sí,No,Sí,No,Sí
MLA869755331,Google Home Mini Sin Caja Asistente Virtual Voz Parlante ,3998.0,ARS,Google,98 mm,"Reproducción de música,Control por voz,Llamadas,Desactivar micrófono",42 mm,Nuevo,"Inglés Australia,Inglés Canadá,Inglés India,Inglés Estados Unidos,Inglés Reino Unido,Inglés Singapur,Alemán,Francés,Danés,Hindi,Italiano,Japonés,Coreano,Español México,Español España,Neerlandés,Noruego,Sueco",Home Mini,"Android 6.0,iOS 12.0",9 W,Corriente eléctrica,50 Hz - 60 Hz,"2.4 GHz,5 GHz",Google Assistant,110V/220V,173 g,IEEE 802.11b/g/n/ac,Sí,No,Sí,No,Sí
MLA880462252,Google Home Mini En Español Asistente Virtual Sin Caja Nuevo,4499.0,ARS,Google,98 mm,"Reproducción de música,Control por voz,Control de dispositivos del hogar,Llamadas,Desactivar micrófono",42 mm,Nuevo,Español/Inglés,Home Mini,"Android 5.0,iOS 9.1",45 W,220v,,,Google Assistant,120V/240V,173 g,,Sí,,,,Sí
MLA758202501,Google Home Mini Asistente Virtual Spotify Youtube Netflix,6297.0,ARS,Google,98 mm,"Reproducción de música,Control por voz,Control de dispositivos del hogar,Llamadas,Desactivar micrófono",42 mm,Nuevo,Inglés/Español,Home Mini,"Android 6.0,iOS 12.0",9 W,5V A 1.8A,50 Hz - 60 Hz,"2.4 GHz,5 GHz",Google Assistant,110V/220V,173 g,IEEE 802.11b/g/n/ac,Sí,No,Sí,No,Sí
MLA930506223,Soporte Montaje Embutido Pared Google Home Hub Mountgenie,1999.0,ARS,Google,,,118 mm,Nuevo,,Nest Hub,"Android 6.0,iOS 12.0",,,,"2.4 GHz,5 GHz",,0,480 g,IEEE 802.11b/g/n/ac,Sí,No,Sí,Sí,
MLA758202796,Google Home Mini Asistente Virtual Spotify Netflix Youtube ,7997.0,ARS,Google,98 mm,"Reproducción de música,Control por voz,Control de dispositivos del hogar,Llamadas,Desactivar micrófono",42 mm,Nuevo,Inglés/Español,Home Mini,"Android 6.0,iOS 12.0",9 W,5V A 1.8A,50 Hz - 60 Hz,"2.4 GHz,5 GHz",Google Assistant,110V/220V,173 g,IEEE 802.11b/g/n/ac,Sí,No,Sí,No,Sí
MLA758202723,Google Home Mini Asistente Virtual Spotify Youtube Netflix,7998.0,ARS,Google,98 mm,"Reproducción de música,Control por voz,Control de dispositivos del hogar,Llamadas,Desactivar micrófono",42 mm,Nuevo,Inglés/Español,Home Mini,"Android 6.0,iOS 12.0",9 W,5V A 1.8A,50 Hz - 60 Hz,"2.4 GHz,5 GHz",Google Assistant,110V/220V,173 g,IEEE 802.11b/g/n/ac,Sí,No,Sí,No,Sí
MLA747593028,Google Home Mini Asistente Virtual En Español Con Fuente,6999.0,ARS,Google,98 mm,"Reproducción de música,Control por voz,Control de dispositivos del hogar,Llamadas,Desactivar micrófono",42 mm,Nuevo,"Inglés Australia,Inglés Canadá,Inglés India,Inglés Estados Unidos,Inglés Reino Unido,Inglés Singapur,Alemán,Francés,Danés,Hindi,Italiano,Japonés,Coreano,Español México,Español España,Neerlandés,Noruego,Sueco",Home Mini,"Android 6.0,iOS 12.0",,Corriente eléctrica,50 Hz - 60 Hz,"2.4 GHz,5 GHz",Google Assistant,110V/220V,173 g,IEEE 802.11b/g/n/ac,Sí,No,Sí,No,Sí
MLA880463160,Google Home Mini Parlante Asistente Virtual Nuevo Sin Caja,4499.0,ARS,Google,98 mm,"Reproducción de música,Control por voz,Control de dispositivos del hogar,Llamadas,Desactivar micrófono",42 mm,Nuevo,Español/Inglés,Home Mini,"Android 5.0,iOS 9.1",45 W,220v,50 Hz - 60 Hz,"2.4 GHz,5 GHz",Google Assistant,120V/240V,173 g,IEEE 802.11b/g/n/ac,Sí,,Sí,,Sí
MLA820604268,Google Home Mini  Parlante / Spotify Netflix Youtube,8499.0,ARS,Google,98 mm,"Reproducción de música,Control por voz,Control de dispositivos del hogar,Llamadas,Desactivar micrófono",42 mm,Nuevo,Español/Inglés,Home Mini,"Android 6.0,iOS 12.0",9 W,220v,50 Hz - 60 Hz,"2.4 GHz,5 GHz",Google Assistant,110V/220V,173 g,IEEE 802.11b/g/n/ac,Sí,No,Sí,No,Sí
MLA857710195,Soporte De Pared A 45º Google Home Hub - Base 138x60mm,699.0,ARS,Google,96.4 mm,"Reproducción de música,Control por voz,Llamadas",142.8 mm,Nuevo,"Inglés Australia,Inglés Canadá,Inglés India,Inglés Estados Unidos,Inglés Reino Unido,Inglés Singapur,Alemán,Francés,Danés,Hindi,Italiano,Japonés,Coreano,Español México,Español España,Holandés,Noruego,Sueco",Home Hub,,,Adaptador,,,Google Assistant,,477 g,,Sí,,,,Sí
MLA925600838,Google Home Mini Con Asistente Virtual Google Assistant Char,7996.0,ARS,Google,98 mm,"Reproducción de música,Control por voz,Control de dispositivos del hogar,Llamadas,Desactivar micrófono",42 mm,Nuevo,"Inglés Australia,Inglés Canadá,Inglés India,Inglés Estados Unidos,Inglés Reino Unido,Inglés Singapur,Alemán,Francés,Danés,Hindi,Italiano,Japonés,Coreano,Español México,Español España,Neerlandés,Noruego,Sueco",Home Mini,"Android 6.0,iOS 12.0",9 W,Corriente eléctrica,50 Hz - 60 Hz,"2.4 GHz,5 GHz",Google Assistant,110V/220V,173 g,IEEE 802.11b/g/n/ac,Sí,No,Sí,No,Sí
MLA912014012,Soporte De Pared Google Mini Home / Nest Mini 2da Generacion,219.0,ARS,Google,98 mm,"Reproducción de música,Control por voz,Llamadas",42 mm,Nuevo,"Inglés Australia,Inglés Canadá,Inglés India,Inglés Estados Unidos,Inglés Reino Unido,Inglés Singapur,Alemán,Francés,Danés,Hindi,Italiano,Japonés,Coreano,Español México,Español España,Holandés,Noruego,Sueco",Nest Mini 2nd Gen,"Android 6.0,iOS 12.0",0 W,Adaptador,,"2.4 GHz,5 GHz",Google Assistant,110V/220V,181 g,IEEE 802.11a/b/g/n/ac,Sí,,,No,Sí
MLA824913756,Google Home Mini Parlante / Spotify Netflix Youtube,9800.0,ARS,Google,98 mm,"Reproducción de música,Control por voz,Control de dispositivos del hogar,Llamadas,Desactivar micrófono",42 mm,Nuevo,Español,Google home,"Android 6.0,iOS 12.0",9 W,USB,50 Hz - 60 Hz,"2.4 GHz,5 GHz",Google Assistant,110V/220V,173 g,IEEE 802.11b/g/n/ac,Sí,No,Sí,No,Sí
MLA880459663,Google Home Mini Asistente Virtual Youtube Spotify Sin Caja,5999.0,ARS,Google,98 mm,"Reproducción de música,Control por voz,Control de dispositivos del hogar,Llamadas,Desactivar micrófono",42 mm,Nuevo,Español/Inglés,Home Mini,"Android 5.0,iOS 9.1",35 W,220v,,,Google Assistant,120V/240V,173 g,,Sí,,,,Sí
MLA886635296,Google Home Mini Parlante Asistente Virtual Calidad Premium,7979.99,ARS,Google,98 mm,"Reproducción de música,Control por voz,Control de dispositivos del hogar,Llamadas,Desactivar micrófono",42 mm,Nuevo,"Inglés Australia,Inglés Canadá,Inglés India,Inglés Estados Unidos,Inglés Reino Unido,Inglés Singapur,Alemán,Francés,Danés,Hindi,Italiano,Japonés,Coreano,Español México,Español España,Neerlandés,Noruego,Sueco",Home Mini,"Android 5.0,iOS 9.1",9 W,Corriente eléctrica,50 Hz - 60 Hz,"2.4 GHz,5 GHz",Google Assistant,120V/240V,173 g,IEEE 802.11b/g/n/ac,Sí,No,Sí,No,Sí
MLA886634812,Google Home Mini Parlante Asistente Virtual Original Calidad,7999.99,ARS,Google,98 mm,"Reproducción de música,Control por voz,Control de dispositivos del hogar,Llamadas,Desactivar micrófono",42 mm,Nuevo,"Inglés Australia,Inglés Canadá,Inglés India,Inglés Estados Unidos,Inglés Reino Unido,Inglés Singapur,Alemán,Francés,Danés,Hindi,Italiano,Japonés,Coreano,Español México,Español España,Neerlandés,Noruego,Sueco",Home Mini,"Android 5.0,iOS 9.1",9 W,Corriente eléctrica,50 Hz - 60 Hz,"2.4 GHz,5 GHz",Google Assistant,120V/240V,173 g,IEEE 802.11b/g/n/ac,Sí,No,Sí,No,Sí
MLA874345304,Google Home Mini Asistente Virtual + Fuente,6490.0,ARS,Google,98 mm,"Reproducción de música,Control por voz,Control de dispositivos del hogar,Llamadas,Desactivar micrófono",42 mm,Nuevo,"Inglés Australia,Inglés Canadá,Inglés India,Inglés Estados Unidos,Inglés Reino Unido,Inglés Singapur,Alemán,Francés,Danés,Hindi,Italiano,Japonés,Coreano,Español México,Español España,Neerlandés,Noruego,Sueco",Home Mini,"Android 5.0,iOS 9.1",9 W,Corriente eléctrica,50 Hz - 60 Hz,"2.4 GHz,5 GHz",Google Assistant,110V/220V,173 g,IEEE 802.11b/g/n/ac,Sí,No,Sí,No,Sí
MLA915035650,Google Home Mini Asistente Virtual  110v/220v Charcoal,6200.0,ARS,Google,98 mm,"Reproducción de música,Control por voz,Control de dispositivos del hogar,Llamadas,Desactivar micrófono",42 mm,Nuevo,"Inglés Australia,Inglés Canadá,Inglés India,Inglés Estados Unidos,Inglés Reino Unido,Inglés Singapur,Alemán,Francés,Danés,Hindi,Italiano,Japonés,Coreano,Español México,Español España,Neerlandés,Noruego,Sueco",Home Mini,"Android 6.0,iOS 12.0",9 W,Corriente eléctrica,50 Hz - 60 Hz,"2.4 GHz,5 GHz",Google Assistant,110V/220V,173 g,IEEE 802.11b/g/n/ac,Sí,No,Sí,No,Sí
MLA857704576,Soporte De Pared Google Home Hub Max - Base 198x84mm,899.0,ARS,Google,96.4 mm,"Reproducción de música,Control por voz,Llamadas",142.8 mm,Nuevo,"Inglés Australia,Inglés Canadá,Inglés India,Inglés Estados Unidos,Inglés Reino Unido,Inglés Singapur,Alemán,Francés,Danés,Hindi,Italiano,Japonés,Coreano,Español México,Español España,Holandés,Noruego,Sueco",Home Hub,,,Adaptador,,,Google Assistant,,477 g,,Sí,,,,Sí
MLA858332153,Soporte De Pared Google Nest Hub Max - Base 208x90mm,1049.0,ARS,Google,96.4 mm,"Reproducción de música,Control por voz,Llamadas",142.8 mm,Nuevo,"Inglés Australia,Inglés Canadá,Inglés India,Inglés Estados Unidos,Inglés Reino Unido,Inglés Singapur,Alemán,Francés,Danés,Hindi,Italiano,Japonés,Coreano,Español México,Español España,Holandés,Noruego,Sueco",Home Hub,,,Adaptador,,,Google Assistant,,477 g,,Sí,,,,Sí
MLA929853951,Google Home Mini,6500.0,ARS,Google,98 mm,Alarma,42 mm,Nuevo,Español,Home Mini,"Android 6.0,iOS 12.0",9 W,Corriente directa,50 Hz - 60 Hz,"2.4 GHz,5 GHz",Google Assistant,110V/220V,173 g,IEEE 802.11b/g/n/ac,Sí,No,Sí,No,No
MLA926787921,Google Home - Asistente Virtual,45990.0,ARS,Google,96.4 mm,"Reproducción de música,Control por voz,Llamadas,Desactivar micrófono",142.8 mm,Nuevo,"Inglés Australia,Inglés Canadá,Inglés India,Inglés Estados Unidos,Inglés Reino Unido,Inglés Singapur,Alemán,Francés,Danés,Hindi,Italiano,Japonés,Coreano,Español México,Español España,Holandés,Noruego,Sueco",Home,"Android 6.0,iOS 12.0",,Adaptador,50 Hz - 60 Hz,"2.4 GHz,5 GHz",Google Assistant,110V/220V,477 g,IEEE 802.11b/g/n/ac,Sí,No,,No,Sí
MLA925390886,Google Mimi Home (grafito) En Español,6000.0,ARS,Google,98 mm,"Reproducción de música,Control por voz,Control de dispositivos del hogar,Llamadas,Desactivar micrófono",42 mm,Nuevo,"Inglés Australia,Inglés Canadá,Inglés India,Inglés Estados Unidos,Inglés Reino Unido,Inglés Singapur,Alemán,Francés,Danés,Hindi,Italiano,Japonés,Coreano,Español México,Español España,Neerlandés,Noruego,Sueco",Home Mini,"Android 6.0,iOS 12.0",9 W,Corriente eléctrica,50 Hz - 60 Hz,"2.4 GHz,5 GHz",Google Assistant,110V/220V,173 g,IEEE 802.11b/g/n/ac,Sí,No,Sí,No,Sí
MLA906682162,Google Home Mini Asistente Virtual Spotify Netflix Youtube,6499.0,ARS,Google,98 mm,"Reproducción de música,Control por voz,Control de dispositivos del hogar,Llamadas,Chromecast,Desactivar micrófono",42 mm,Nuevo,"Inglés Australia,Inglés Canadá,Inglés India,Inglés Estados Unidos,Inglés Reino Unido,Inglés Singapur,Alemán,Neerlandés,Portugués,Francés,Danés,Hindi,Indonesio,Italiano,Japonés,Noruego,Español España,Sueco,Mandarín,Tailandés",Home Mini,"Android 6.0,iOS 12.0",,Corriente eléctrica,50 Hz - 60 Hz,"2.4 GHz,5 GHz",Google Assistant,110V/220V,181 g,IEEE 802.11b/g/n/ac,Sí,No,Sí,No,Sí
MLA926380000,Google Homemini,5000.0,ARS,Google,98 mm,"Reproducción de música,Control por voz,Control de dispositivos del hogar,Llamadas,Desactivar micrófono",42 mm,Nuevo,"Inglés Australia,Inglés Canadá,Inglés India,Inglés Estados Unidos,Inglés Reino Unido,Inglés Singapur,Alemán,Francés,Danés,Hindi,Italiano,Japonés,Coreano,Español México,Español España,Neerlandés,Noruego,Sueco",Home Mini,"Android 6.0,iOS 12.0",9 W,Corriente eléctrica,50 Hz - 60 Hz,"2.4 GHz,5 GHz",Google Assistant,110V/220V,173 g,IEEE 802.11b/g/n/ac,Sí,No,Sí,No,Sí
MLA926701603,Google Home - Asistente Virtual,45990.0,ARS,Google,96.4 mm,"Reproducción de música,Control por voz,Control de dispositivos del hogar,Llamadas",142.8 mm,Nuevo,"Inglés Australia,Inglés Canadá,Inglés India,Inglés Estados Unidos,Inglés Reino Unido,Inglés Singapur,Alemán,Francés,Danés,Hindi,Italiano,Japonés,Coreano,Español México,Español España,Neerlandés,Noruego,Sueco",Google Assistant,"Android 6.0,iOS 12.0",50 W,Corriente eléctrica,50 Hz - 60 Hz,"2.4 GHz,5 GHz",Google Assistant,110V/220V,477 g,IEEE 802.11b/g/n/ac,Sí,No,,No,Sí
MLA863052117,Google Home Mini Parlante Original Español Ok Google Gris,6999.0,ARS,Google,98 mm,"Reproducción de música,Control por voz,Llamadas,Desactivar micrófono",42 mm,Nuevo,"Inglés Australia,Inglés Canadá,Inglés India,Inglés Estados Unidos,Inglés Reino Unido,Inglés Singapur,Alemán,Francés,Danés,Hindi,Italiano,Japonés,Coreano,Español México,Español España,Holandés,Noruego,Sueco",Home Mini,"Android 6.0,iOS 12.0",9 W,"Adaptador,Micro USB",50 Hz - 60 Hz,"2.4 GHz,5 GHz",Google Assistant,110V/220V,173 g,IEEE 802.11b/g/n/ac,Sí,No,Sí,No,Sí
MLA885757042,Soporte Para Google Home Mini,600.0,ARS,Google,,,,Nuevo,,Home Mini,,,,,,,,,,,,,,
MLA897552534,Google Home Hub Pantalla 7 Smart Asistente Virtual ,25999.0,ARS,Google,96.4 mm,"Reproducción de música,Control por voz,Control de dispositivos del hogar,Llamadas,Desactivar micrófono",142.8 mm,Nuevo,"Inglés Australia,Inglés Canadá,Inglés India,Inglés Estados Unidos,Inglés Reino Unido,Inglés Singapur,Alemán,Francés,Danés,Hindi,Italiano,Japonés,Coreano,Español México,Español España,Neerlandés,Noruego,Sueco",Home Hub,"Android 5.0,iOS 9.1",,Corriente eléctrica,50 Hz - 60 Hz,"2.4 GHz,5 GHz",Google Assistant,100V/240V,477 g,IEEE 802.11b/g/n/ac,Sí,No,,No,Sí
MLA920271393,Google Home Mini - 1ra Generación. Asistente Virtual. Nuevo.,4750.0,ARS,Google,98 mm,"Reproducción de música,Control por voz,Control de dispositivos del hogar,Llamadas,Desactivar micrófono,Clima,Tráfico",42 mm,Nuevo,"Inglés Australia,Inglés Canadá,Inglés India,Inglés Estados Unidos,Inglés Reino Unido,Inglés Singapur,Alemán,Francés,Danés,Hindi,Italiano,Japonés,Coreano,Español México,Español España,Neerlandés,Noruego,Sueco",Home Mini,"Android 6.0,iOS 12.0",220 W,Corriente eléctrica,50 Hz - 60 Hz,"2.4 GHz,5 GHz",Google Assistant,110V/220V,173 g,IEEE 802.11b/g/n/ac,Sí,No,Sí,No,Sí
MLA861709632,Google Home Mini Smart Speaker,16680.0,ARS,Google,96.4 mm,"Reproducción de música,Control por voz,Llamadas,Desactivar micrófono",142.8 mm,Nuevo,"Inglés Australia,Inglés Canadá,Inglés India,Inglés Estados Unidos,Inglés Reino Unido,Inglés Singapur,Alemán,Francés,Danés,Hindi,Italiano,Japonés,Coreano,Español México,Español España,Holandés,Noruego,Sueco",Home,"Android 6.0,iOS 12.0",9 W,Adaptador,50 Hz - 60 Hz,"2.4 GHz,5 GHz",Google Assistant,110V/220V,477 g,IEEE 802.11b/g/n/ac,Sí,No,Sí,No,Sí
MLA922679185,Google Home Mini 1° Gen,4900.0,ARS,Google,98 mm,"Reproducción de música,Control por voz,Control de dispositivos del hogar,Llamadas,Desactivar micrófono",42 mm,Usado,"Inglés Australia,Inglés Canadá,Inglés India,Inglés Estados Unidos,Inglés Reino Unido,Inglés Singapur,Alemán,Francés,Danés,Hindi,Italiano,Japonés,Coreano,Español México,Español España,Neerlandés,Noruego,Sueco",Home Mini,"Android 6.0,iOS 12.0",9 W,Corriente eléctrica,50 Hz - 60 Hz,"2.4 GHz,5 GHz",Google Assistant,110V/220V,173 g,IEEE 802.11b/g/n/ac,Sí,No,Sí,No,Sí
MLA929179444,Google Home Asistente + Poco Uso + Igual A Nuevo,27000.0,ARS,Google,96.4 mm,"Reproducción de música,Control por voz,Control de dispositivos del hogar,Llamadas",142.8 mm,Usado,"Inglés Australia,Inglés Canadá,Inglés India,Inglés Estados Unidos,Inglés Reino Unido,Inglés Singapur,Alemán,Francés,Danés,Hindi,Italiano,Japonés,Coreano,Español México,Español España,Neerlandés,Noruego,Sueco",Home,"Android 6.0,iOS 12.0",220 W,Corriente eléctrica,50 Hz - 60 Hz,"2.4 GHz,5 GHz",Google Assistant,110V/220V,477 g,IEEE 802.11b/g/n/ac,Sí,No,,Sí,Sí
MLA924395310,Google Home Mini Parlante Virtual Original En Español,5000.0,ARS,Google,98 mm,"Reproducción de música,Control por voz,Control de dispositivos del hogar,Llamadas,Desactivar micrófono",42 mm,Usado,"Inglés Australia,Inglés Canadá,Inglés India,Inglés Estados Unidos,Inglés Reino Unido,Inglés Singapur,Alemán,Francés,Danés,Hindi,Italiano,Japonés,Coreano,Español México,Español España,Neerlandés,Noruego,Sueco",Home Mini,"Android 6.0,iOS 12.0",9 W,Corriente eléctrica,50 Hz - 60 Hz,"2.4 GHz,5 GHz",Google Assistant,110V/220V,173 g,IEEE 802.11b/g/n/ac,Sí,No,Sí,No,Sí
MLA929647320,Google Homemini Con Asistente Virtual Google Assistant,4600.0,ARS,Google,98 mm,"Reproducción de música,Control por voz,Control de dispositivos del hogar,Llamadas,Desactivar micrófono",42 mm,Usado,"Inglés Australia,Inglés Canadá,Inglés India,Inglés Estados Unidos,Inglés Reino Unido,Inglés Singapur,Alemán,Francés,Danés,Hindi,Italiano,Japonés,Coreano,Español México,Español España,Neerlandés,Noruego,Sueco",Home Mini,"Android 6.0,iOS 12.0",9 W,Corriente eléctrica,50 Hz - 60 Hz,"2.4 GHz,5 GHz",Google Assistant,110V/220V,173 g,IEEE 802.11b/g/n/ac,Sí,No,Sí,No,Sí
MLA898578736,Google Home Mini ,5500.0,ARS,Google,98 mm,Asistente virtual,42 mm,Usado,Español,Home mini Charcoal,"Android 6.0,iOS 12.0",9 W,Corriente directa,50 Hz - 60 Hz,"2.4 GHz,5 GHz",Google Assistant,110V/220V,173 g,IEEE 802.11b/g/n/ac,Sí,No,Sí,No,Sí
MLA926379063,Google Home Mini,4000.0,ARS,Google,98 mm,"Reproducción de música,Control por voz,Control de dispositivos del hogar,Llamadas,Desactivar micrófono",42 mm,Usado,"Inglés Australia,Inglés Canadá,Inglés India,Inglés Estados Unidos,Inglés Reino Unido,Inglés Singapur,Alemán,Francés,Danés,Hindi,Italiano,Japonés,Coreano,Español México,Español España,Neerlandés,Noruego,Sueco",Home Mini,"Android 6.0,iOS 12.0",9 W,Corriente eléctrica,50 Hz - 60 Hz,"2.4 GHz,5 GHz",Google Assistant,110V/220V,173 g,IEEE 802.11b/g/n/ac,Sí,No,Sí,No,Sí
MLA929992212,Google Home Mini Con Asistente Virtual Google Assistant,3799.0,ARS,Google,98 mm,"Reproducción de música,Control por voz,Control de dispositivos del hogar,Llamadas,Desactivar micrófono",42 mm,Usado,"Inglés Australia,Inglés Canadá,Inglés India,Inglés Estados Unidos,Inglés Reino Unido,Inglés Singapur,Alemán,Francés,Danés,Hindi,Italiano,Japonés,Coreano,Español México,Español España,Neerlandés,Noruego,Sueco",Home Mini,"Android 6.0,iOS 12.0",9 W,Corriente eléctrica,50 Hz - 60 Hz,"2.4 GHz,5 GHz",Google Assistant,110V/220V,173 g,IEEE 802.11b/g/n/ac,Sí,No,Sí,No,Sí
MLA929418544,Google Home Mini Asistente Virtual Sin Uso Traído De Afuera,5000.0,ARS,Google,98 mm,"Reproducción de música,Control por voz,Control de dispositivos del hogar,Llamadas,Desactivar micrófono",42 mm,Usado,"Inglés Australia,Inglés Canadá,Inglés India,Inglés Estados Unidos,Inglés Reino Unido,Inglés Singapur,Alemán,Francés,Danés,Hindi,Italiano,Japonés,Coreano,Español México,Español España,Neerlandés,Noruego,Sueco",Home Mini,"Android 6.0,iOS 12.0",9 W,Corriente eléctrica,50 Hz - 60 Hz,"2.4 GHz,5 GHz",Google Assistant,110V/220V,173 g,IEEE 802.11b/g/n/ac,Sí,No,Sí,No,Sí
MLA924198709,Oportunidad! Google Home Mini,5100.0,ARS,Google,98 mm,"Reproducción de música,Control por voz,Control de dispositivos del hogar,Llamadas,Desactivar micrófono",42 mm,Usado,"Inglés Australia,Inglés Canadá,Inglés India,Inglés Estados Unidos,Inglés Reino Unido,Inglés Singapur,Alemán,Francés,Danés,Hindi,Italiano,Japonés,Coreano,Español México,Español España,Neerlandés,Noruego,Sueco",Home Mini,"Android 6.0,iOS 12.0",9 W,Corriente eléctrica,50 Hz - 60 Hz,"2.4 GHz,5 GHz",Google Assistant,110V/220V,173 g,IEEE 802.11b/g/n/ac,Sí,No,Sí,No,Sí
MLA927960162,Google Home Mini Con Asistente Virtual ,4300.0,ARS,Google,98 mm,"Reproducción de música,Control por voz,Control de dispositivos del hogar,Llamadas,Desactivar micrófono",42 mm,Usado,"Inglés Australia,Inglés Canadá,Inglés India,Inglés Estados Unidos,Inglés Reino Unido,Inglés Singapur,Alemán,Francés,Danés,Hindi,Italiano,Japonés,Coreano,Español México,Español España,Neerlandés,Noruego,Sueco",Home Mini,"Android 6.0,iOS 12.0",9 W,Corriente eléctrica,50 Hz - 60 Hz,"2.4 GHz,5 GHz",Google Assistant,110V/220V,173 g,IEEE 802.11b/g/n/ac,Sí,No,Sí,No,Sí
